xkey,uid
Python创客,54
alphaGo,48
cuda,62
fintech,78
fpga,74
micropython,54
nltk,77
pandas数据,66
plotly图表,65
python,69
python机器人,55
python量化,45
python树莓派,56
ros机器人,55
scikit,67
stock,46
talib,71
tensorflow,49
tensorlayer,49
zipline量化,70
彩票,51
大数据,47
概率分析,68
工业智能,50
股票,46
黑科技,62
黄金,46
基金,46
机器学习,48
金融,46
金融工程,45
金融科技,78
金融可视化,65
金融量化,45
金融图表,65
量化分析,45
量化研究,45
赔率,51
期货,46
区块链,62
人工智能,48
人形机器人,55
商业智能,73
深度学习,48
神经网络,48
数据分析,47
数据可视化,65
数据挖掘,47
松波分布,68
统计学,68
外汇,46
物联网,62
芯片,62
虚拟现实,62
语料库,77
语义分析,77
增强现实,62
智能工业,50
资本市场,46
字库设计,61
字体设计,61
足彩,51
足球彩票,51

