地點,地址,latitude,longitude
華南商業銀行路竹分行,721高雄市路竹區大社路90-2號,22.865499,120.263042
高雄順昌郵局,800高雄市新興區七賢一路104、106號,22.633889,120.314262
臺灣土地銀行新興分行,800高雄市新興區七賢一路480號,22.634608,120.304076
華南商業銀行新興分行,800高雄市新興區中山一路117號,22.632174,120.301344
兆豐國際商銀新興分行,800高雄市新興區中山一路308號,22.636466,120.302621
高雄市新興區公所,800高雄市新興區中東里中正三路34號4樓,22.631253,120.309992
臺灣土地銀行中正分行,800高雄市新興區中正三路158號,22.631444,120.304072
新興郵局-1,800高雄市新興區中正三路177、179號,22.631012,120.30416
新興郵局-2,800高雄市新興區中正三路177、179號,22.631012,120.30416
高雄市政府交通局本部,800高雄市新興區中正三路25號16樓,22.630656,120.30986
財政部國有財產署南區分署18樓民眾等候區,800高雄市新興區中正三路25號18樓,22.630354,120.309898
高雄市稅捐稽徵處新興分處,800高雄市新興區中正三路25號1樓,22.630549,120.30952
高雄市政府交通局停管中心3樓,800高雄市新興區中正三路25號3樓,22.62252,120.291235
高雄市新興區戶政事務所,800高雄市新興區中正三路34號2樓,22.631322,120.309949
高雄市立圖書館新興分館,800高雄市新興區中正三路34號3樓,22.631163,120.309879
高雄市政府地政局新興地政事務所,800高雄市新興區中正三路34號6樓,22.631072,120.310021
財政部高雄國稅局新興稽徵所,800高雄市新興區中正三路34號8樓,22.631081,120.309992
上海商銀高雄分行,800高雄市新興區中正三路61號,22.630879,120.307981
第一商業銀行新興分行,800高雄市新興區中正四路17號,22.63089,120.301051
第一金證券新興分公司,800高雄市新興區中正四路17號3樓,22.630884,120.301065
內政部營建署南區工程處1樓大廳,800高雄市新興區五福二路200號,22.624753,120.305095
內政部營建署南區工程處3F(會議室),800高雄市新興區五福二路200號,22.624753,120.305095
內政部營建署南區工程處7F(會議室),800高雄市新興區五福二路200號,22.624753,120.305095
內政部營建署城鄉發展分署南區規劃隊,800高雄市新興區五福二路200號5樓,22.624762,120.305083
兆豐國際商銀五福分行,800高雄市新興區五福二路82號,22.625695,120.308332
內政部移民署高雄市專勤隊,800高雄市新興區六合1路113號,22.632797,120.304346
農糧署南區分署高雄辦事處,800高雄市新興區六合一路113號,22.632788,120.304348
華南商業銀行東高雄分行,800高雄市新興區六合一路78號,22.632622,120.309343
國防部高雄福利站服務台1,800高雄市新興區復興一路6號,22.628292,120.308091
行政執行署高雄分署1樓等候區,800高雄市新興區復興一路80號,22.633524,120.308548
行政執行署高雄分署2樓等候區,800高雄市新興區復興一路80號,22.633524,120.308548
高雄青年郵局,800高雄市新興區復興二路171號,22.6249558,120.3083535
彰化商業銀行七賢分行,800高雄市新興區忠孝一路456號1樓,22.634532,120.306643
彰化商業銀行證券經紀商七賢分公司,800高雄市新興區忠孝一路456號3樓,22.635611,120.306712
高雄新田郵局,800高雄市新興區新田路133號,22.622207,120.303833
中油公司高雄市新興區林森二路站,800高雄市新興區新田路82號,22.623071,120.305714
臺灣銀行新興分行,800高雄市新興區民族二路133號,22.63396,120.313257
高雄市立圖書館新興民眾閱覽室,800高雄市新興區民生一路271號,22.627272,120.306843
國家通訊傳播委員會南區監理處服務中心,800高雄市新興區錦田路142號1樓,22.636013,120.310816
華南商業銀行高雄三民分行,801高雄市前金區七賢二路189號,22.633481,120.295916
高市府資訊中心-城市光廊(公車站西),801高雄市前金區中山二路與五福三路公車站,22.623365,120.30093
經濟部國際貿易局高雄辦事處廠商服務區,801高雄市前金區中正四路103號2樓,22.629803,120.298197
彰化商業銀行東高雄分行,801高雄市前金區中正四路109號1樓,22.629695,120.297516
兆豐國際商銀高雄分行,801高雄市前金區中正四路235號,22.628049,120.292673
觀光局旅遊服務中心高雄服務處,801高雄市前金區中正四路235號5樓之1,22.628014,120.292718
兆豐國際商銀港都分行,801高雄市前金區中正四路253號,22.627472,120.290927
兆豐國際商銀港都分行4樓,801高雄市前金區中正四路253號4樓,22.627472,120.290927
中央健康保險署-高屏業務組1樓聯合服務中心,801高雄市前金區中正四路259號1樓,22.627283,120.290077
高雄市政府警察局,801高雄市前金區中正四路260號,22.627856,120.290712
臺灣銀行高雄分行,801高雄市前金區中正四路264號,22.627585,120.289604
高雄市立中醫醫院,801高雄市前金區中華三路68號1-4樓部份樓層-新盛街入口,22.627658,120.29701
勞動部勞動力發展署高屏澎東分署青年職涯發展中心,801高雄市前金區五福三路21號8樓,22.622646,120.299644
高市府資訊中心-城市光廊(公車站東),801高雄市前金區五福三路21號前公車城市光廊站,22.622563,120.299647
第一商業銀行(苓雅分行),801高雄市前金區五福三路61號,22.6215737,120.2970129
臺灣中小企業銀行高雄分行,801高雄市前金區五福三路79號,22.62132,120.296141
臺灣土地銀行中山分行,801高雄市前金區五福三路87號,22.621168,120.295815
前金郵局,801高雄市前金區六合二路147號,22.63154,120.296345
國防部憲兵指揮部高雄憲兵隊會客室,801高雄市前金區六合二路217號,22.62975,120.29234
高雄地方法院郵局,801高雄市前金區市中一路171號,22.626945,120.290587
上海商銀前金分行,801高雄市前金區成功一路420號,22.627342,120.292716
內政部移民署高雄市第一服務站1F,801高雄市前金區成功一路436號1樓,22.629074,120.291897
外交部領事事務局南部辦事處(2樓大廳),801高雄市前金區成功一路436號2樓,22.6291,120.291962
內政部移民署高雄市第一服務站7F,801高雄市前金區成功一路436號7樓,22.629074,120.291897
智慧財產局高雄服務處,801高雄市前金區成功一路436號8F,22.629185,120.291922
高雄市立圖書館文學館,801高雄市前金區民生二路39號,22.627242,120.298233
臺灣高雄地方法院檢察署1樓偵查庭區,801高雄市前金區河東路188號,22.626025,120.289689
高雄社東郵局,801高雄市前金區自強二路104-1號,22.62632,120.295173
高雄市前金區戶政事務所,801高雄市前金區自強二路169號1樓,22.627955,120.294306
高雄市前金區公所,801高雄市前金區自強二路169號3樓,22.627559,120.294285
國軍退除役官兵輔導委員會高雄市榮民服務處一樓大廳,801高雄市前金區自強二路52號,22.623735,120.296041
高雄市政府觀光局愛河旅遊服務中心,801高雄市新興區河東路與民生二路交叉口的鰲燈1樓,22.623598,120.290339
高市府資訊中心-八二三臺海戰役紀念館,802高雄市苓雅區三多ㄧ路17號,22.623205,120.338233
高雄市苓雅區戶政事務所第二辦公處,802高雄市苓雅區三多一路166號,22.622637,120.330417
高雄五塊厝郵局,802高雄市苓雅區三多一路237號,22.622264,120.330421
高雄林華郵局,802高雄市苓雅區三多二路249號,22.619087,120.320843
兆豐國際商銀三多分行,802高雄市苓雅區三多二路93號,22.620349,120.324693
華南商業銀行苓雅分行,802高雄市苓雅區中山二路489號,22.619597,120.30216
華銀商業銀行東苓分行,802高雄市苓雅區中正一路120號,22.628164,120.33259
國軍高雄總醫院一般診間等候處,802高雄市苓雅區中正一路2號,22.625657,120.341942
國軍高雄總醫院急診室,802高雄市苓雅區中正一路2號,22.625657,120.341942
國軍高雄總醫院掛號室、藥局等候處,802高雄市苓雅區中正一路2號,22.625657,120.341942
國軍高雄總醫院檢查室等候處,802高雄市苓雅區中正一路2號,22.625657,120.341942
國軍高雄總醫院牙科診間等候處,802高雄市苓雅區中正一路2號,22.625657,120.341942
國軍高雄總醫院耳鼻喉科診間等待處,802高雄市苓雅區中正一路2號,22.625657,120.341942
高雄正言郵局,802高雄市苓雅區中正一路322、324號,22.629859,120.326762
高雄市體育處本部1F服務台,802高雄市苓雅區中正一路99號,22.625499,120.33398
高雄市體育處本部3F會議室,802高雄市苓雅區中正一路99號,22.625499,120.33398
第一商業銀行(五福分行),802高雄市苓雅區中正二路161號,22.6302723,120.314618
勞動部勞動力發展署高屏澎東分署南區銀髮人才資源中心洽公服務櫃台,802高雄市苓雅區中正二路74號3樓,22.630438,120.318793
中國輸出入銀行高雄分行,802高雄市苓雅區中正二路74號8樓,22.630545,120.318468
高市府資訊中心-高雄市文化中心(五福一路門口公話),802高雄市苓雅區五福一路67號,22.625808,120.318142
高市府資訊中心-高雄市文化中心(前廳公話),802高雄市苓雅區五福一路67號,22.625808,120.318142
高市府資訊中心-高雄市文化中心(圖書館公話),802高雄市苓雅區五福一路67號,22.625808,120.318142
高市府資訊中心-高雄市文化中心(至德堂公話),802高雄市苓雅區五福一路67號,22.625808,120.318142
高市府資訊中心-高雄市文化中心(至真三館),802高雄市苓雅區五福一路67號,22.625808,120.318142
高市府資訊中心-高雄市文化中心(警衛室公話),802高雄市苓雅區五福一路67號,22.625808,120.318142
高雄市政府文化局,802高雄市苓雅區五福一路67號,22.625771,120.318322
高雄市立圖書館高雄市文化中心分館,802高雄市苓雅區五福一路67號,22.626608,120.317974
高雄文化中心郵局,802高雄市苓雅區光華一路148-30號,22.622842,120.316225
華南商業銀行光華分行,802高雄市苓雅區光華一路148之19號,22.622248,120.316448
高雄市立凱旋醫院一樓候診區,802高雄市苓雅區凱旋二路130號,22.62538,120.324004
高雄市政府衛生局,802高雄市苓雅區凱旋二路132-1號,22.626544,120.324941
高雄市立民生醫院,802高雄市苓雅區凱旋二路134號,22.627163,120.323746
高雄師大郵局,802高雄市苓雅區和平一路116號,22.625638,120.320034
高雄市府郵局,802高雄市苓雅區四維三路2號,22.620307,120.312091
高雄市政府,802高雄市苓雅區四維三路2號,22.620958,120.311792
長青中心一樓大廳,802高雄市苓雅區四維二路51號,22.623102,120.321686
高雄市政府社會局長青中心8樓會議、展覽廳,802高雄市苓雅區四維二路51號,22.623089,120.321712
彰化商業銀行苓雅分行,802高雄市苓雅區四維四路2號,22.617089,120.302863
兆豐國際商銀苓雅分行,802高雄市苓雅區四維四路8號,22.616824,120.302272
公路總局高雄市區監理所苓雅監理站,802高雄市苓雅區安康路22號,22.637422,120.32057
財政部高雄國稅局,802高雄市苓雅區廣州一街148號,22.623734,120.317451
彰化商業銀行大順分行,802高雄市苓雅區建國一路109號,22.631066,120.334125
臺灣土地銀行苓雅分行,802高雄市苓雅區忠孝二路18號,22.616712,120.309445
苓雅郵局,802高雄市苓雅區成功一路134號,22.614825,120.297629
行政院勞動部勞工保險局高雄市辦事處洽公櫃台,802高雄市苓雅區政南街6號,22.626911,120.326253
臺灣銀行三多分行,802高雄市苓雅區新光路142號,22.610711,120.29941
臺鐵局正義站第1月台4車位置,802高雄市苓雅區正義路308號地下1樓,22.634217,120.342772
臺鐵局正義站第2月台6車位置,802高雄市苓雅區正義路308號地下1樓,22.634217,120.342772
高雄武廟郵局,802高雄市苓雅區武廟路83號,22.630599,120.32986
第一商業銀行(高雄分行),802高雄市苓雅區民權一路28號,22.618463,120.314313
彰化商業銀行高雄分行,802高雄市苓雅區民權一路59號,22.619271,120.313364
高雄市苓雅區公所,802高雄市苓雅區民權一路85號,22.62185,120.312197
高雄市苓雅區戶政事務所所本部,802高雄市苓雅區民權一路85號2樓,22.621778,120.312229
財政部高雄國稅局苓雅稽徵所,802高雄市苓雅區民權一路85號8F,22.621771,120.312154
標準檢驗局高雄分局商檢業務民眾洽公區,802高雄市苓雅區海邊路50號,22.618699,120.293464
高雄市政府交通局車輛行車事故鑑定委員會,802高雄市苓雅區福德二路77號4樓,22.632451,120.327995
高雄市立凱旋醫院附設社區復健中心,802高雄市苓雅區福成街2號,22.626021,120.325495
臺灣銀行苓雅分行,802高雄市苓雅區青年一路261號,22.620547,120.30437
高雄市立圖書館苓雅分館,802高雄市苓雅區青年二路101號4-5樓,22.618579,120.298228
高雄市數位內容創意中心右後方走廊,803高雄市鹽埕區七賢三路123號3樓,22.626388,120.28199
高雄市數位內容創意中心展覽空間,803高雄市鹽埕區七賢三路123號3樓,22.626021,120.281743
高雄府北郵局,803高雄市鹽埕區七賢二路470號,22.629584,120.284374
高雄市立歷史博物館,803高雄市鹽埕區中正四路272號,22.627202,120.286925
鹽埕郵局,803高雄市鹽埕區五福四路133號,22.6230802,120.2843099
華南商業銀行高雄分行,803高雄市鹽埕區五福四路178號,22.623855,120.283728
第一商業銀行(鹽埕分行),803高雄市鹽埕區大仁路115號,22.6258285,120.2838033
高雄市政府社會局鹽埕社會福利中心,803高雄市鹽埕區大仁路179號4樓,22.626715,120.281874
高雄市立圖書館鹽埕分館,803高雄市鹽埕區大仁路179號5-6樓,22.626749,120.281925
高雄市稅捐稽徵處鹽埕分處,803高雄市鹽埕區大仁路6號4樓,22.624717,120.286707
財政部高雄國稅局鹽埕稽徵所,803高雄市鹽埕區大仁路6號6樓,22.624729,120.286654
高雄市鹽埕區公所,803高雄市鹽埕區大仁路6號8樓,22.625162,120.286775
高雄市鹽埕區戶政事務所,803高雄市鹽埕區大仁路6號七樓,22.624707,120.286689
臺灣土地銀行高雄分行,803高雄市鹽埕區大勇路131號,22.626203,120.284902
高市府資訊中心-駁二藝術中心(B6倉庫),803高雄市鹽埕區大勇路1號,22.619976,120.281651
高市府資訊中心-駁二藝術中心(C5倉庫前側),803高雄市鹽埕區大勇路1號,22.619976,120.281651
高市府資訊中心-駁二藝術中心(C5倉庫後側),803高雄市鹽埕區大勇路1號,22.619976,120.281651
高市府資訊中心-駁二藝術中心(P3倉庫),803高雄市鹽埕區大勇路1號,22.619976,120.281651
高市府資訊中心-駁二藝術中心(營運中心),803高雄市鹽埕區大勇路1號,22.619976,120.281651
彰化商業銀行鹽埕分行,803高雄市鹽埕區大勇路85號1樓,22.624452,120.284139
高市府資訊中心-駁二藝術中心(C6倉庫西側),803高雄市鹽埕區大義街2號,22.618496,120.284807
高雄市鹽埕地政事務所,803高雄市鹽埕區新樂街214號5樓,22.625935,120.281668
高雄市電影館,803高雄市鹽埕區河西路10號,22.622355,120.288845
高市府資訊中心-高雄市音樂館(北側門),803高雄市鹽埕區河西路99號,22.627635,120.286833
兆豐國際商銀三民分行,804高雄市鼓山區中華一路225號,22.662561,120.293005
高雄瑞豐郵局,804高雄市鼓山區中華一路316-3號,22.664832,120.291959
高雄市立聯合醫院一樓大廳服務台,804高雄市鼓山區中華一路976號,22.655086,120.290766
高雄內惟郵局,804高雄市鼓山區九如四路1020、1022號,22.655574,120.279272
高雄前峰郵局,804高雄市鼓山區九如四路2008、2010號,22.668007,120.286247
高雄民強郵局,804高雄市鼓山區九如四路636、638號,22.648974,120.279256
彰化商業銀行博愛分行,804高雄市鼓山區博愛一路517號,22.655924,120.303079
高市府資訊中心-打狗英國領事館(官邸),804高雄市鼓山區哨船街7號,22.617591,120.267394
高雄市立圖書館南鼓山分館,804高雄市鼓山區延平街87-13號,22.623305,120.273052
高市府資訊中心-壽山情人觀景台,804高雄市鼓山區忠義路30號,22.625488,120.273999
高市府資訊中心-高雄市忠烈祠,804高雄市鼓山區忠義路32號,22.626438,120.273925
財政部關務署高雄關局本部1F,804高雄市鼓山區捷興一街3號,22.6194,120.275
財政部關務署高雄關局本部2F,804高雄市鼓山區捷興一街3號,22.6194,120.275
高雄港國際旅運中心,804高雄市鼓山區捷興一街高雄港國際旅運中心,22.619017,120.274994
上海商銀北高雄分行,804高雄市鼓山區明華路317號,22.663216,120.301224
高雄凹仔底郵局,804高雄市鼓山區明華路317號1樓,22.66323,120.301134
臺灣高等法院高雄分院檢察署1F服務台,804高雄市鼓山區明誠三路586號,22.66137,120.299085
高雄高分院郵局,804高雄市鼓山區明誠三路586號,22.66137,120.299085
高雄市鼓山區衛生所,804高雄市鼓山區登山街16號,22.623534,120.274055
高市府資訊中心-高雄市立美術館(兒童美術館),804高雄市鼓山區美術館路80號,22.656736,120.286557
高市府資訊中心-高雄市立美術館(噴泉廣場),804高雄市鼓山區美術館路80號,22.656736,120.286557
高市府資訊中心-高雄市立美術館(圓形廣場),804高雄市鼓山區美術館路80號,22.656736,120.286557
高雄市立美術館,804高雄市鼓山區美術館路80號,22.656673,120.286506
臺鐵局左營站穿堂層（地下1樓）,804高雄市鼓山區翠華路1050號,22.675368,120.295286
高雄港務分公司第一辦公廳,804高雄市鼓山區臨海2路62號1F,22.6230792,120.2752302
鼓山郵局,804高雄市鼓山區臨海二路17號,22.621788,120.273867
內政部營建署壽山國家自然公園籌備處,804高雄市鼓山區萬壽路301號,22.626149,120.272778
內政部營建署壽山國家自然公園籌備處保育研究中心,804高雄市鼓山區萬壽路301號,22.626149,120.272778
內政部營建署壽山國家自然公園籌備處遊客中心,804高雄市鼓山區萬壽路301號,22.626149,120.272778
高雄市動物保護教育園區,804高雄市鼓山區萬壽路350號,22.635125,120.275166
高雄市壽山動物園活動廣場,804高雄市鼓山區萬壽路350號,22.635897,120.27611
高雄港務分公司維護管理處開標室,804高雄市鼓山區蓬萊二路1號,22.619057,120.2793541
高雄港務分公司港務處繫船科船席調派室,804高雄市鼓山區蓬萊路,22.6168883,120.283052
高雄港務分公司業務處聯合作業室,804高雄市鼓山區蓬萊路10號1F,22.616883,120.283841
高雄港務警察總隊,804高雄市鼓山區蓬萊路24號,22.619083,120.278743
內政部警政署高雄港務警察總隊三號碼頭中隊,804高雄市鼓山區蓬萊路28號,22.619673,120.278886
高雄港務分公司船舶維管處開標室,804高雄市鼓山區蓬萊路2號10號碼頭2樓,22.6168883,120.283052
交通部航港局南部航務中心第二辦公廳,804高雄市鼓山區蓬萊路30號,22.620003,120.278943
航政組監理科,804高雄市鼓山區蓬萊路4號1F,22.6162159,120.2845237
航政組技術科,804高雄市鼓山區蓬萊路4號2F,22.6162159,120.2845237
高雄港國際旅客服務中心,804高雄市鼓山區蓬萊路9-2號,22.616378,120.283427
高市府資訊中心-駁二藝術中心(B4倉庫北側),804高雄市鼓山區蓬萊路99號,22.620272,120.278336
高市府資訊中心-駁二藝術中心(B8倉庫),804高雄市鼓山區蓬萊路99號,22.620272,120.278336
高市府資訊中心-駁二藝術中心(港輪候客處),804高雄市鼓山區蓬萊路99號,22.620272,120.278336
中山大學郵局,804高雄市鼓山區蓮海路70號,22.626361,120.265923
海巡鼓山為民服務中心,804高雄市鼓山區鼓山1路107號,22.627252,120.278567
高市府資訊中心-舊打狗驛故事館,804高雄市鼓山區鼓山一路32號,22.621844,120.276617
打狗鐵道故事館,804高雄市鼓山區鼓山一路32路,22.625234,120.27734
高雄市政府工務局違章建築處理大隊,804高雄市鼓山區鼓山一路53巷111號,22.62672,120.277301
高雄市立圖書館鼓山分館,804高雄市鼓山區鼓山三路19-3號,22.653215,120.275563
高雄鼓岩郵局,804高雄市鼓山區鼓山二路166-12、13號,22.63728,120.280835
高雄市鼓山區戶政事務所,804高雄市鼓山區鼓山二路166號1樓,22.637263,120.281024
高雄市鼓山區公所,804高雄市鼓山區鼓山二路166號2樓,22.636788,120.281054
財政部高雄國稅局鼓山稽徵所,804高雄市鼓山區鼓山二路166號6樓,22.636808,120.281061
台電公司高雄區處服務中心營業廳,804高雄市鼓山區鼓山二路39號,22.632193,120.281931
高雄市立圖書館旗津分館,805高雄市旗津區中洲三路528號,22.612129,120.270746
旗津郵局,805高雄市旗津區中洲三路817號,22.612528,120.269409
內政部警政署高雄港務警察總隊機動中隊,805高雄市旗津區中洲二路中洲巷76號,22.574856,120.299107
台電公司旗津服務所大廳,805高雄市旗津區大關路28號,22.613357,120.269834
高市府資訊中心-旗津海水浴場救生站,805高雄市旗津區廟前路1號,22.611018,120.267404
高雄市旗津區戶政事務所,805高雄市旗津區振興里18鄰旗津三路1100號一樓,22.610978,120.26794
財政部高雄關旗津分關,805高雄市旗津區旗津一路14號,22.559548,120.308983
內政部警政署高雄港務警察總隊中興中隊,805高雄市旗津區旗津一路16號,22.559811,120.308718
高市府資訊中心-旗后觀光市場(28號攤商),805高雄市旗津區旗津三路1050號,22.61037,120.268392
高雄市旗津區公所,805高雄市旗津區旗津三路2號,22.59018,120.28437
高市府資訊中心-旗津貝殼館(婚紗館2樓),805高雄市旗津區旗津三路887號,22.601134,120.274291
高雄市政府觀光局旗津貝殼館,805高雄市旗津區旗津三路990號2樓,22.602165,120.273879
高雄中洲郵局,805高雄市旗津區旗津二路243號,22.576288,120.295725
旗津戰爭與和平紀念公園主題館,805高雄市旗津區旗津二路701號,22.591486,120.282861
內政部警政署高雄港務警察總隊一港口中隊,805高雄市旗津區海岸路10號,22.613994,120.269713
高市府資訊中心-高雄市輪船-旗津站(東側),805高雄市旗津區海岸路10號1樓,22.614244,120.269927
高市府資訊中心-高雄市輪船-旗津站(西側),805高雄市旗津區海岸路10號1樓,22.614244,120.269927
臺灣土地銀行前鎮分行,806高雄市前鎮區一心一路241號,22.608707,120.315905
華南商業銀行前鎮分行,806高雄市前鎮區一心二路33號,22.610881,120.311408
高雄廣澤郵局,806高雄市前鎮區三多三路139號,22.615773,120.310643
華南商業銀行南高雄分行,806高雄市前鎮區三多三路153號,22.61565,120.30982
彰化商業銀行前鎮分行,806高雄市前鎮區三多三路155號,22.615508,120.309509
第一商業銀行(前鎮分行),806高雄市前鎮區三多三路191號,22.6148392,120.3075921
財政部高雄市國稅局前鎮稽徵所高雄加工出口區服務處,806高雄市前鎮區中1路2號,22.6001048,120.2902288
前鎮加工區郵局,806高雄市前鎮區中四路1號,22.601362,120.291241
兆豐國際商銀高加分行,806高雄市前鎮區中四路2號,22.601343,120.290567
高雄市政府勞工局勞工教育生活中心獅甲會館,806高雄市前鎮區中山三路132號,22.607912,120.309713
高雄國際航空站(動植物入境檢疫櫃檯),806高雄市前鎮區中山四路2號,22.571764,120.340242
高雄國際航空站,806高雄市前鎮區中山四路二號,22.580367,120.330231
高雄君毅郵局,806高雄市前鎮區中華五路963號,22.601497,120.306329
高雄市立圖書館前鎮分館,806高雄市前鎮區保泰路303號4-5樓,22.602492,120.333005
國軍高雄總醫院附設高雄門診中心一般診間等候處,806高雄市前鎮區光華二路51號,22.61001,120.316815
勞動部勞動力發展署高屏澎東分署學員宿舍交誼廳,806高雄市前鎮區凱旋四路105號,22.593632,120.308601
勞動部勞動力發展署高屏澎東分署活動中心一樓C101會議室,806高雄市前鎮區凱旋四路105號,22.593632,120.308601
勞動部勞動力發展署高屏澎東分署洽公服務櫃台,806高雄市前鎮區凱旋四路105號,22.593632,120.308601
勞動部勞動力發展署高屏澎東分署視聽大樓B101會議室,806高雄市前鎮區凱旋四路105號,22.593632,120.308601
前鎮郵局,806高雄市前鎮區前鎮街92號,22.588895,120.306318
內政部警政署高雄港務警察總隊中島中隊,806高雄市前鎮區大華一路34號,22.603066,120.292525
高雄市政府社會局前鎮社會福利中心,806高雄市前鎮區康定路115號,22.586764,120.319058
高雄市前鎮區衛生所,806高雄市前鎮區康定路149號,22.586237,120.318682
高雄市前鎮區戶政事務所,806高雄市前鎮區康定路151號,22.586551,120.318425
高雄市前鎮區公所,806高雄市前鎮區康定路151號2F,22.586535,120.318317
高雄市稅捐稽徵處前鎮分處,806高雄市前鎮區康定路151號4樓,22.586609,120.318349
自來水公司高雄服務所,806高雄市前鎮區復興三路131號,22.60828,120.30828
高市府資訊中心-複合式貨櫃聚落-集盒(展覽櫃外側),806高雄市前鎮區復興三路5號,22.606068,120.302829
高市府資訊中心-複合式貨櫃聚落-集盒(演講櫃),806高雄市前鎮區復興三路5號複合式貨櫃聚落-集盒(演講櫃),22.60639,120.30266
高市府資訊中心-複合式貨櫃聚落-集盒(走廊櫃),806高雄市前鎮區復興三路5號複合式貨櫃聚落-集盒(走廊櫃),22.606442,120.302886
高雄西甲郵局,806高雄市前鎮區復興三路94號,22.609664,120.309958
高雄軟體園區服務中心_AP1,806高雄市前鎮區復興四路10號3樓之3,22.604712,120.299676
高雄軟體科技園區,806高雄市前鎮區復興四路10號3樓之3,22.604572,120.299617
中油公司高雄直銷中心,806高雄市前鎮區成功二路15號,22.593947,120.303998
海洋委員會1,806高雄市前鎮區成功二路25號5樓,22.605333,120.300165
海洋委員會2,806高雄市前鎮區成功二路25號7樓,22.605333,120.300165
台電公司南部發電廠電力展示館,806高雄市前鎮區成功二路5號,22.602339,120.301098
兆豐國際商銀成功簡易分行,806高雄市前鎮區成功二路88號,22.599502,120.302627
臺灣銀行前鎮分行,806高雄市前鎮區擴建路1-3號,22.591201,120.305195
高市府資訊中心-高雄市立圖書館(廣場天花板),806高雄市前鎮區新光路61號,22.610244,120.301761
高雄市立圖書館總館,806高雄市前鎮區新光路61號,22.6100434,120.301854
中油公司石化事業部前鎮所1樓會客區,806高雄市前鎮區新生路11號1樓,22.584137,120.309091
經濟部加工出口區管理處高雄分處臨廣辦公室1樓洽公區,806高雄市前鎮區新生路248-34號,22.576212,120.31673
彰化商業銀行南高雄分行,806高雄市前鎮區永豐路13號,22.603414,120.333827
高市府資訊中心-漁民服務中心,806高雄市前鎮區漁港中一路2號,22.57241,120.316434
高雄漁業署,806高雄市前鎮區漁港北一路1號,22.57113,120.310775
內政部警政署高雄港務警察總隊六十三號碼頭中隊,806高雄市前鎮區漁港北三路1號,22.573463,120.311036
高市府資訊中心-前鎮漁港西碼頭(柱3),806高雄市前鎮區漁港南一路35號,22.566953,120.314242
高雄港務分公司維護管理處隧道管理中心,806高雄市前鎮區漁港南三路2號,22.56556,120.316821
財政部高雄關業務二組,806高雄市前鎮區漁港南二路10號,22.566409,120.316523
兆豐國際商銀漁港簡易分行,806高雄市前鎮區漁港東二路3號107室,22.57162,120.317105
華南商業銀行籬仔內分行,806高雄市前鎮區班超路132號,22.603275,120.324411
高雄崗山仔郵局,806高雄市前鎮區瑞北路39號,22.609118,120.335102
高雄籬仔內郵局,806高雄市前鎮區瑞隆路482號,22.605428,120.328818
高雄市政府社會局無障礙之家,806高雄市前鎮區翠亨北路392號,22.594059,120.315382
高雄英德街郵局,806高雄市前鎮區英德街149號,22.613957,120.321465
財政部高雄國稅局前鎮稽徵所,806高雄市前鎮區英德街151號,22.614,120.321204
高雄草衙郵局,806高雄市前鎮區草衙一路78、80號,22.583617,120.322546
高雄金福路郵局,806高雄市前鎮區金福路20號,22.568209,120.323516
高雄市政府地政局前鎮地政事務所,806高雄市前鎮區鎮中路158號,22.587169,120.319133
高雄市政府勞工局,806高雄市前鎮區鎮中路6號,22.588357,120.321107
臺灣銀行高雄加工出口區分行,806高雄市前鎮區高雄加工出口區中一路1號,22.601412,120.29174
經濟部加工出口區管理處高雄分處1、2樓洽公區,806高雄市前鎮區高雄加工出口區中一路2號,22.6012795,120.2919236
經濟部加工出口區管理處高雄分處第1訓練教室,806高雄市前鎮區高雄加工出口區中一路2號,22.601064,120.29233
高雄三塊厝郵局,807高雄市三民區中華三路270號,22.635601,120.293638
第一商業銀行(三民分行),807高雄市三民區中華三路291號,22.6364866,120.2931051
國立科學工藝博物館,807高雄市三民區九如一路720號,22.639888,120.322377
高雄市政府社會局婦女館,807高雄市三民區九如一路777號,22.638209,120.324138
高雄民族社區郵局,807高雄市三民區九如一路952號,22.640332,120.316542
華南商業銀行高雄博愛分行,807高雄市三民區九如二路150號,22.641086,120.309091
兆豐國際商銀北高雄分行,807高雄市三民區九如二路532號,22.641789,120.297026
臺灣銀行三民分行,807高雄市三民區九如二路567號,22.641647,120.296645
高雄九如二路郵局,807高雄市三民區九如二路661、663號,22.641674,120.293831
彰化商業銀行九如路分行,807高雄市三民區九如二路7號,22.640302,120.313362
高雄中都郵局,807高雄市三民區力行路89、91號,22.638473,120.288445
高雄醫學大學郵局,807高雄市三民區十全一路100號,22.648868,120.309949
高雄市立圖書館三民分館,807高雄市三民區十全一路220號,22.646398,120.30614
高市勞工局博愛職訓中心大廳,807高雄市三民區十全三路101號,22.646091,120.289363
高雄站後郵局,807高雄市三民區博愛一路28號,22.642173,120.303117
臺灣土地銀行博愛分行,807高雄市三民區博愛一路300號1~3樓,22.6491152,120.3036291
高雄博愛路郵局,807高雄市三民區博愛一路372號1樓,22.650942,120.303986
高市府資訊中心-高雄市新客家文化園區(2F天橋),807高雄市三民區同盟二路217號,22.650005,120.295093
高市府資訊中心-高雄市新客家文化園區(兒童遊戲區),807高雄市三民區同盟二路217號,22.650005,120.295093
高市府資訊中心-高雄市新客家文化園區(文物館前廣場),807高雄市三民區同盟二路217號,22.650005,120.295093
高市府資訊中心-高雄市新客家文化園區(演藝廳前廣場),807高雄市三民區同盟二路217號,22.650005,120.295093
高市府資訊中心-高雄市新客家文化園區(音樂館前廣場),807高雄市三民區同盟二路217號,22.650005,120.295093
高雄市政府地政局三民地政事務所,807高雄市三民區哈爾濱街215號2樓,22.647987,120.299864
高雄市三民區公所,807高雄市三民區哈爾濱街215號4樓,22.647888,120.299864
財政部高雄國稅局三民分局第一辦公室,807高雄市三民區哈爾濱街215號7樓,22.647633,120.299809
高雄市稅捐稽徵處三民分處,807高雄市三民區哈爾濱街215號8樓,22.647683,120.299851
高雄市三民區第一戶政事務所,807高雄市三民區哈爾濱街215號六樓,22.64766,120.299542
高雄大昌郵局,807高雄市三民區大昌一路258號,22.657033,120.321994
高雄建工郵局,807高雄市三民區大昌二路517號,22.651207,120.330325
華南商業銀行大昌分行,807高雄市三民區大昌二路57號,22.639828,120.332249
高雄義民郵局,807高雄市三民區大豐二路203號,22.645938,120.330064
第一商業銀行(灣內分行),807高雄市三民區大順二路147號,22.642356,120.326675
高雄大順郵局,807高雄市三民區大順二路207號,22.643439,120.326242
兆豐國際商銀東高雄分行,807高雄市三民區大順二路419號,22.648264,120.325093
高雄市立圖書館寶珠分館,807高雄市三民區大順二路468號4樓,22.649393,120.324975
財政部高雄國稅局三民分局第二辦公室,807高雄市三民區大順二路468號6樓,22.649677,120.324605
高雄市三民區第二戶政事務所,807高雄市三民區大順二路468號9樓,22.649383,120.325613
臺灣土地銀行建國分行,807高雄市三民區建國一路458號,22.635523,120.316595
高雄站前郵局,807高雄市三民區建國三路2-2號,22.638437,120.301407
彰化商業銀行建興分行,807高雄市三民區建國二路123號,22.637389,120.308506
臺鐵局高雄站東側大廳,807高雄市三民區建國二路318號,22.63962,120.302109
臺鐵局高雄站第1月台4車,807高雄市三民區建國二路318號,22.63962,120.302109
臺鐵局高雄站第1月台7車,807高雄市三民區建國二路318號,22.63962,120.302109
臺鐵局高雄站第2月台5車,807高雄市三民區建國二路318號,22.63962,120.302109
臺鐵局高雄站第2月台8車,807高雄市三民區建國二路318號,22.63962,120.302109
臺鐵局高雄站西側大廳,807高雄市三民區建國二路318號,22.63962,120.302109
臺灣土地銀行三民分行,807高雄市三民區建工路657號,22.647993,120.318185
高雄灣仔內郵局,807高雄市三民區建工路679、681號,22.647844,120.317341
高雄德智郵局,807高雄市三民區德智里熱河一街84、86號,22.643529,120.311174
高雄市後備指揮部,807高雄市三民區武功巷52號,22.671962,120.331084
高雄民壯郵局,807高雄市三民區民壯路16、18、20、22號,22.638907,120.340729
高雄鼎泰郵局,807高雄市三民區民族一路519號,22.665242,120.316125
彰化商業銀行三民分行,807高雄市三民區河北二路157號,22.634737,120.292156
彰化商業銀行新興分行,807高雄市三民區義華路1號,22.6411915,120.345339
第一商業銀行十全分行,807高雄市三民區自由一路57號,22.642472,120.308425
高雄市立圖書館陽明分館,807高雄市三民區陽明路300號3樓,22.643482,120.342329
高雄鼎金郵局,807高雄市三民區鼎強街264、266號,22.668196,120.32189
高雄市政府觀光局金獅湖蝴蝶園百科館,807高雄市三民區鼎金一巷25號,22.667383,120.3266
經濟部南區聯合服務中心9樓民眾洽公櫃台,807高雄市前金區成功一路436號9樓,22.6291,120.291962
經濟部加工出口區管理處1樓洽公區,811高雄市楠梓區加昌路600號,22.719188,120.305629
兆豐國際商銀楠梓分行,811高雄市楠梓區加昌路600號之1,22.718935,120.306593
財政部高雄國稅局楠梓稽徵所加工出口區服務處,811高雄市楠梓區加昌路600號之9,22.719188,120.305629
國軍退除役官兵輔導委員會高雄榮譽國民之家行政大樓一樓,811高雄市楠梓區加昌路631號,22.717111,120.303656
楠梓亞洲城郵局,811高雄市楠梓區加昌里壽民路222號,22.716335,120.296555
楠梓右昌郵局,811高雄市楠梓區右昌街347號,22.714777,120.288576
台糖公司量販事業部楠梓量販店B1贈品處,811高雄市楠梓區土庫一路60號,22.736824,120.330781
臺灣高雄少年及家事法院家事法庭,811高雄市楠梓區常順街89號,22.731501,120.335569
臺鐵局楠梓站候車室,811高雄市楠梓區建楠路229號,22.727062,120.324309
楠梓建楠郵局,811高雄市楠梓區建楠路3號,22.727281,120.329878
楠梓後勁郵局,811高雄市楠梓區後昌路128號,22.718122,120.310145
彰化商業銀行北高雄分行,811高雄市楠梓區後昌路720號,22.709762,120.29689
高市府資訊中心-楠梓翠屏活動中心(N3-3230光化交接箱內),811高雄市楠梓區德惠路55號,22.726781,120.302985
高雄市立圖書館翠屏分館,811高雄市楠梓區德惠路55號3樓,22.72679,120.302997
內政部營建署高雄都會公園兒童圖書室,811高雄市楠梓區德民路24號,22.730272,120.314682
內政部營建署高雄都會公園展示室,811高雄市楠梓區德民路24號,22.730272,120.314682
內政部營建署高雄都會公園活動中心,811高雄市楠梓區德民路24號,22.730272,120.314682
內政部營建署高雄都會公園研習教室,811高雄市楠梓區德民路24號,22.730272,120.314682
內政部營建署高雄都會公園遊客中心,811高雄市楠梓區德民路24號,22.730272,120.314682
海洋國家公園管理處,811高雄市楠梓區德民路24號,22.730272,120.314682
海洋國家公園管理處遊客大廳,811高雄市楠梓區德民路24號,22.730272,120.314682
海洋國家公園管理處遊客大廳前廊,811高雄市楠梓區德民路24號,22.730272,120.314682
交通部公路總局高雄市區監理所,811高雄市楠梓區德民路71號,22.732233,120.31821
高雄市政府交通局交通事件裁決中心,811高雄市楠梓區德民路71號3F,22.731501,120.31836
楠梓翠屏郵局,811高雄市楠梓區德祥路129、131號,22.726995,120.310173
楠梓莒光郵局,811高雄市楠梓區新昌街53、55號,22.709841,120.298784
楠梓郵局,811高雄市楠梓區楠梓新路247號,22.728428,120.325831
高雄市楠梓區戶政事務所,811高雄市楠梓區楠梓新路264號1樓,22.729918,120.325913
高雄市楠梓區公所2樓,811高雄市楠梓區楠梓新路264號2樓,22.728414,120.326335
高雄市政府地政局楠梓地政事務所,811高雄市楠梓區楠梓新路264號4樓,22.728587,120.326316
財政部高雄國稅局楠梓稽徵所,811高雄市楠梓區楠梓新路264號6樓,22.728414,120.326335
高雄市稅捐稽徵處楠梓分處,811高雄市楠梓區楠梓新路264號7樓,22.72411,120.326329
臺灣銀行楠梓分行,811高雄市楠梓區楠梓路201號,22.732273,120.327973
高雄市立圖書館楠仔坑分館,811高雄市楠梓區楠梓路262號,22.733519,120.327909
第一商業銀行(楠梓分行),811高雄市楠梓區楠梓路3號,22.7277713,120.3295998
經濟部加工出口區管理處從業員工服務中心,811高雄市楠梓區經二路15號,22.723569,120.306808
高雄高等行政法院郵局,811高雄市楠梓區興楠路180號,22.731406,120.335807
臺灣高雄少年及家事法院少年法庭,811高雄市楠梓區興楠路182號,22.731501,120.335569
華南商業銀行楠梓分行,811高雄市楠梓區興楠路336號,22.729502,120.331836
楠梓藍田郵局,811高雄市楠梓區藍昌路430號,22.730158,120.292067
高雄市立圖書館右昌分館,811高雄市楠梓區藍昌路72號,22.715291,120.29024
海軍官校郵局,811高雄市楠梓區軍校路669號,22.704778,120.292324
國立高雄大學圖書資訊館2樓,811高雄市楠梓區高雄大學路700號,22.734301,120.285335
高雄國際航空站國內航廈2樓,812高雄市小港區中山四路2號,22.570937,120.345236
兆豐國際商銀高雄國際機場分行,812高雄市小港區中山四路2號(新國際航廈),22.573557,120.345054
中油公司高雄市服務中心,812高雄市小港區中山四路31號,22.569241,120.347885
高雄二苓郵局,812高雄市小港區中山四路7、9、11號,22.569247,120.347754
高雄中林子郵局,812高雄市小港區中智街1號,22.529087,120.365878
兆豐國際商銀中鋼簡易分行,812高雄市小港區中鋼路1號,22.558245,120.353355
高雄中鋼郵局,812高雄市小港區中鋼路1號,22.55819,120.35335
高雄臺船郵局,812高雄市小港區中鋼路3號,22.552346,120.345619
華南商業銀行小港分行,812高雄市小港區二苓路180號,22.565487,120.349297
高雄市政府環境保護局南區資源回收廠,812高雄市小港區北林路6號,22.5508884,120.3761244
高市府資訊中心-紅毛港文化園區(三合院廣場),812高雄市小港區南星路2808號,22.528701,120.338655
高市府資訊中心-紅毛港文化園區(文創發展中心),812高雄市小港區南星路2808號,22.528701,120.338655
高雄市立圖書館小港分館,812高雄市小港區博學路365號,22.560638,120.370631
高雄臨海林園大發工業區聯合污水處理廠-臨海廠,812高雄市小港區大林浦鳳北路4號1樓,22.528862,120.343364
高雄臨海工業區服務中心,812高雄市小港區大業北路37號1樓,22.56659,120.345063
高雄臨海工業區服務中心2樓,812高雄市小港區大業北路37號2樓,22.56659,120.345063
高雄臨海工業區服務中心3樓,812高雄市小港區大業北路37號3樓,22.56659,120.345063
高雄市立空中大學-小港區旅遊資訊服務中心,812高雄市小港區大業北路436號,22.566335,120.345783
高市府資訊中心-社會教育館(右側公話),812高雄市小港區學府路115號,22.565303,120.359307
高市府資訊中心-社會教育館(左側公話),812高雄市小港區學府路115號,22.565303,120.359307
高雄市立社會教育館,812高雄市小港區學府路115號,22.567018,120.359344
高雄宏平郵局,812高雄市小港區宏平路322號,22.57012,120.360497
臺灣土地銀行小港分行,812高雄市小港區宏平路336號,22.570104,120.359741
臺灣銀行小港分行,812高雄市小港區宏平路410號,22.570083,120.357968
小港郵局,812高雄市小港區小港一街1號,22.564197,120.336869
台電公司小港服務所大廳,812高雄市小港區小港路118號6樓,22.565966,120.342237
台灣糖業股份有限公司砂糖事業部,812高雄市小港區小港路133號,22.563132,120.339078
高雄市小港區公所,812高雄市小港區小港路158號3樓,22.565235,120.33808
高雄市稅捐稽徵處小港分處,812高雄市小港區小港路158號5樓,22.565292,120.338015
財政部高雄國稅局小港稽徵所,812高雄市小港區小港路158號6樓,22.56523,120.338019
高雄市小港區戶政事務所,812高雄市小港區小港路158號二樓,22.565374,120.337962
高雄市政府警察局小港分局,812高雄市小港區小港路20號,22.56603,120.34498
高雄港務警察總隊-大仁中隊,812高雄市小港區東亞南路2之22號,22.563999,120.330869
財政部關務署高雄關小港分關,812高雄市小港區東亞南路36號1F,22.560123,120.334539
高雄桂林郵局,812高雄市小港區桂華街130號,22.583315,120.358029
高雄市小港區桂林中厝里聯合活動中心,812高雄市小港區桂陽路332號,22.5821,120.35174
華南商業銀行高雄桂林分行,812高雄市小港區桂陽路44號,22.582433,120.357456
高雄市小港區小港轉運站,812高雄市小港區沿海一路(捷運小港站1號出口前),22.564928,120.353841
第一商業銀行(小港分行),812高雄市小港區沿海一路182號,22.567715,120.350962
中油公司大林廠行政大樓總機櫃檯,812高雄市小港區沿海四路50號,22.529422,120.347353
紅毛港文化園區輪渡站,812高雄市小港區紅毛港段81之8,22.551126,120.317373
行政院農業委員會動植物防疫檢疫局高雄分局高雄機場檢疫站,812高雄市小港區飛機路630號3樓,22.57268,120.347527
衛生福利部食品藥物管理署高雄港口民眾等候區,812高雄市小港區飛機路630號4樓,22.57253,120.34853
高雄高松郵局,812高雄市小港區高鳳路33-3、4號,22.574452,120.371378
高雄大林蒲郵局,812高雄市小港區鳳林路82號,22.526417,120.346577
內政部警政署高雄港務警察總隊第六貨櫃中心中隊,812高雄市小港區鳳森里6鄰南星路1951號,22.534979,120.32671
高雄國家體育場服務中心,813高雄市左營區世運大道100號,22.702821,120.294691
高雄市政府觀光局蓮池潭旅遊服務中心,813高雄市左營區勝利路110號,22.680708,120.291753
高市府資訊中心-高雄市立圖書館左新分館(公話),813高雄市左營區博愛三路453號,22.678414,120.307816
高雄市立圖書館左新分館,813高雄市左營區博愛三路453號,22.677857,120.306945
左營菜公郵局,813高雄市左營區博愛三路520號,22.679343,120.308766
華南商業銀行北高雄分行,813高雄市左營區博愛三路6號,22.67061,120.30452
臺灣銀行北高雄分行,813高雄市左營區博愛二路106號,22.658762,120.303329
臺灣土地銀行左營分行,813高雄市左營區博愛二路368號,22.66527,120.303802
第一商業銀行博愛分行,813高雄市左營區博愛二路426號,22.666958,120.303573
華南商業銀行左營分行,813高雄市左營區博愛四路160號,22.683955,120.313428
彰化商業銀行左營分行,813高雄市左營區博愛四路280號1F,22.685576,120.315136
內政部警政署警察廣播電臺高雄臺,813高雄市左營區博愛四路455號,22.688459,120.317125
左營榮總郵局,813高雄市左營區大中一路386號,22.677537,120.322504
高雄榮民總醫院患者家屬休息區-1,813高雄市左營區大中一路386號,22.679732,120.322383
高雄榮民總醫院患者家屬休息區-2,813高雄市左營區大中一路386號,22.679732,120.322383
高雄榮民總醫院門診一樓候診區,813高雄市左營區大中一路386號,22.677537,120.322504
高雄榮民總醫院門診大樓一樓大廳,813高雄市左營區大中一路386號,22.677537,120.322504
左營新莊仔郵局,813高雄市左營區富民路356號,22.664853,120.305228
左營新莊仔郵局2樓,813高雄市左營區富民路356號2樓,22.665324,120.305314
左營郵局,813高雄市左營區實踐路43號,22.690236,120.293444
臺鐵局新左營站第1月台3車位置,813高雄市左營區尾北里站前北路1號,22.6873814,120.3074878
臺鐵局新左營站第1月台8車位置,813高雄市左營區尾北里站前北路1號,22.6873814,120.3074878
臺鐵局新左營站第2月台6車位置,813高雄市左營區尾北里站前北路1號,22.6873814,120.3074878
臺鐵局新左營站第3月台6車位置,813高雄市左營區尾北里站前北路1號,22.6873814,120.3074878
臺灣銀行左營分行,813高雄市左營區左營大路19號,22.67999,120.287429
第一商業銀行(左營分行),813高雄市左營區左營大路411號,22.6882937,120.2939218
高雄市左營區戶政事務所,813高雄市左營區左營大路479號3樓,22.690211,120.295165
高雄市左營區公所,813高雄市左營區左營大路479號4樓,22.69027,120.295014
高雄市稅捐稽徵處左營分處,813高雄市左營區左營大路479號6樓,22.689854,120.29511
財政部高雄國稅局左營稽徵所,813高雄市左營區左營大路479號七樓,22.689855,120.295111
左營南站郵局,813高雄市左營區左營大路75號,22.682109,120.288167
高市府資訊中心-臺灣眷村文化園區,813高雄市左營區明德新村2號,22.692787,120.289041
高雄郵件中心郵局,813高雄市左營區民族一路853號,22.676883,120.318455
高市府資訊中心-蓮池潭(元帝廟),813高雄市左營區洲仔北街65號,22.687374,120.301324
高市府資訊中心-蓮池潭(兒童公園),813高雄市左營區環潭路,22.682432,120.298047
高雄市左營區戶政事務所第二辦公處,813高雄市左營區立信路22號,22.666254,120.307932
臺鐵局新左營站2樓大廳剪票入口,813高雄市左營區站前北路1號,22.6877358,120.307072
臺鐵局新左營站售票房,813高雄市左營區站前北路1號,22.687544,120.306788
臺鐵局南區供應廠採購課,813高雄市左營區站前路5號,22.691953,120.307159
臺鐵局高雄運務段1樓檔案閱覽室,813高雄市左營區站前路5號,22.6913477,120.3106999
臺鐵局高雄運務段第一會議室,813高雄市左營區站前路5號,22.6916782,120.3105328
左營果貿郵局,813高雄市左營區翠峰路2號,22.671349,120.28998
衛生福利部南區兒童之家,813高雄市左營區翠華路1401號,22.6782789,120.2940079
高雄市立圖書館左營分館,813高雄市左營區自助里2鄰啟文路12號,22.673244,120.285788
衛生福利部食品藥物管理署南區管理中心,813高雄市左營區自由二路180號3樓,22.662967,120.308426
左營福山郵局,813高雄市左營區華夏路1708號,22.68811,120.31967
左營華夏路郵局,813高雄市左營區華夏路390號,22.673046,120.298877
高市府資訊中心-左營孔廟(大成門),813高雄市左營區蓮潭路400號,22.689249,120.299034
高市府資訊中心-左營孔廟(東廡),813高雄市左營區蓮潭路400號,22.689249,120.299034
高市府資訊中心-左營孔廟(西廡),813高雄市左營區蓮潭路400號,22.689249,120.299034
臺灣銀行博愛分行,813高雄市左營區裕誠路394號,22.665675,120.306343
國軍高雄總醫院左營分院一樓中庭咖啡廳,813高雄市左營區軍校路553號,22.701404,120.290419
國軍高雄總醫院左營分院一樓掛號等候區,813高雄市左營區軍校路553號,22.701404,120.290419
國軍高雄總醫院左營分院一樓門診區域,813高雄市左營區軍校路553號,22.701404,120.290419
國軍高雄總醫院左營分院急診等候區,813高雄市左營區軍校路553號,22.701404,120.290419
高市府資訊中心-文化局見城館,813高雄市左營區龜山巷157-2號,22.677191,120.291395
兆豐國際商銀仁武簡易分行,814高雄市仁武區中正路2號,22.701019,120.345418
華南商業銀行仁武分行,814高雄市仁武區中正路41號,22.701791,120.34632
高雄市仁武區公所,814高雄市仁武區中正路80號,22.701772,120.347607
高雄市仁武區戶政事務所,814高雄市仁武區中正路94號4樓,22.701455,120.348299
仁武仁雄郵局,814高雄市仁武區仁和村仁忠路79、81號,22.677292,120.356017
仁武郵局,814高雄市仁武區仁武村中正路115號,22.701683,120.348569
高雄市立圖書館仁武分館,814高雄市仁武區仁武里中正路80號4樓,22.701316,120.347655
高雄市政府地政局仁武地政事務所,814高雄市仁武區仁武里地政街2號,22.700757,120.352162
上海商銀東高雄分行,814高雄市仁武區仁雄路13-30號,22.680976,120.354085
仁武八德郵局,814高雄市仁武區八卦村八德南路396號,22.679164,120.340531
仁武台塑郵局,814高雄市仁武區水管路100-1號,22.706833,120.326663
高雄市立圖書館澄觀分館,814高雄市仁武區澄仁路200號,22.679807,120.34559
高雄市大社區戶政事務所,815高雄市大社區三民路332號,22.729759,120.346777
臺灣土地銀行大社分行,815高雄市大社區中山路369號,22.731651,120.35151
仁大工業區服務中心,815高雄市大社區經建路6號1樓,22.7256263,120.3387977
高雄市立圖書館大社分館,815高雄市大社區自強街11號,22.732728,120.347142
高雄市大社區公所,815高雄市大社區自強街1號,22.730491,120.346684
自來水公司楠梓服務所,815高雄市大社區自強街5號,22.730508,120.346871
大社郵局,815高雄市大社區自強街9號,22.731177,120.347095
兆豐國際商銀岡山分行,820高雄市岡山區中山北路138號,22.797124,120.298582
高雄市岡山區南岡山轉運站,820高雄市岡山區中山南路2號(南岡山捷運站1號出口前),22.780529,120.300572
岡山仁壽路郵局,820高雄市岡山區仁壽路215號,22.7858601,120.285783
高雄市稅捐稽徵處岡山分處,820高雄市岡山區仁壽路53號,22.791949,120.289135
高速公路局南區工程處岡山工務段會議室,820高雄市岡山區介壽東路4號,22.786807,120.315899
財政部高雄國稅局岡山稽徵所1樓,820高雄市岡山區介壽路100號1F,22.784589,120.291047
財政部高雄國稅局岡山稽徵所2樓,820高雄市岡山區介壽路100號2F,22.784708,120.291013
高雄市立圖書館岡山分館,820高雄市岡山區公園路2-1號,22.79905,120.292726
岡山五甲尾郵局,820高雄市岡山區嘉興路255號,22.821781,120.303607
臺灣銀行岡山分行,820高雄市岡山區壽天路16號,22.796578,120.293984
岡山大仁郵局,820高雄市岡山區大仁路89號,22.805467,120.301609
國軍高雄總醫院岡山分院一般診間等候處,820高雄市岡山區大義二路1號,22.789421,120.285284
國軍高雄總醫院岡山分院家屬等候處,820高雄市岡山區大義二路1號,22.789421,120.285284
國軍高雄總醫院岡山分院急診室,820高雄市岡山區大義二路1號,22.789421,120.285284
國軍高雄總醫院岡山分院掛號室等候處,820高雄市岡山區大義二路1號,22.789421,120.285284
國軍高雄總醫院岡山分院體檢等候處,820高雄市岡山區大義二路1號,22.789421,120.285284
高市府資訊中心-高雄市皮影戲館,820高雄市岡山區岡山南路42號,22.783493,120.298335
高雄市政府文化局岡山文化中心,820高雄市岡山區岡山南路42號,22.78541,120.298662
高雄市皮影戲館,820高雄市岡山區岡山南路42號,22.783276,120.298271
高雄市立圖書館岡山文化中心分館,820高雄市岡山區岡山南路42號,22.784886,120.297875
內政部移民署高雄市第二服務站,820高雄市岡山區岡山路115號,22.790873,120.29606
第一商業銀行(岡山分行),820高雄市岡山區岡山路275號,22.7943598,120.2955489
臺灣土地銀行岡山分行,820高雄市岡山區岡山路285號,22.7948231,120.295218
彰化商業銀行岡山分行,820高雄市岡山區岡山路293號,22.795274,120.295537
華南商業銀行岡山分行,820高雄市岡山區岡山路331號,22.795871,120.295401
高雄市政府地政局岡山地政事務所,820高雄市岡山區岡山路341號,22.797448,120.295165
高雄市岡山區公所1F,820高雄市岡山區岡山路343號,22.798061,120.295079
高雄市岡山區公所3F,820高雄市岡山區岡山路343號,22.798061,120.295079
高雄市岡山區戶政事務所,820高雄市岡山區岡山路345巷1號,22.797359,120.295218
自來水公司岡山服務所,820高雄市岡山區岡山路450號,22.798137,120.295658
臺鐵局岡山站候車室大廳,820高雄市岡山區岡燕路111號,22.7865144,120.2964665
勞動部勞動力發展署高屏澎東分署人才資源發展中心洽公服務櫃台,820高雄市岡山區岡燕路347號,22.792111,120.304671
岡山平和路郵局,820高雄市岡山區平和路65號,22.794419,120.294782
高雄市岡山本洲產業園區服務中心,820高雄市岡山區本工路17號,22.813075,120.272334
國防部高雄福利站服務台,820高雄市岡山區柳橋西路1號,22.790072,120.290012
岡山郵局,820高雄市岡山區民有路68號,22.7921044,120.2970544
水利署第六河川局1樓服務台,820高雄市岡山區鎮柳橋西路15號,22.790288,120.287453
水利署第六河川局防汛大樓,820高雄市岡山區鎮柳橋西路15號,22.790288,120.287453
路竹竹南郵局,821高雄市路竹區中山路1097號,22.856529,120.260868
第一商業銀行(路竹分行),821高雄市路竹區中山路1187號,22.8542175,120.2613575
彰化商業銀行路竹分行,821高雄市路竹區中山路835號,22.861798,120.258708
臺鐵局路竹站候車室,821高雄市路竹區中正路288號,22.853953,120.266367
路竹郵局,821高雄市路竹區中興路11號,22.860899,120.260898
臺灣土地銀行路竹分行,821高雄市路竹區國昌路18號,22.854723,120.26051
高雄市政府地政局路竹地政事務所,821高雄市路竹區國昌路65號,22.854249,120.259416
高雄市路竹區公所,821高雄市路竹區國昌路76號,22.855237,120.259223
高雄市立圖書館路竹分館,821高雄市路竹區國昌路86巷9號,22.857195,120.258307
高雄市路竹區戶政事務所,821高雄市路竹區國路86巷26號,22.855425,120.259556
路竹一甲郵局,821高雄市路竹區大智路60號,22.873968,120.270534
臺鐵局大湖站候車室大廳,821高雄市路竹區天佑路24號,22.8783301,120.253994
南科高雄園區單身宿舍1樓其他室內空間,821高雄市路竹區後鄉路35號,22.8515,120.246735
南科高雄園區行政服務大樓1樓大廳,821高雄市路竹區路科五路23號1F,22.836185,120.25623
南科高雄園區行政服務大樓4樓會議室,821高雄市路竹區路科五路23號4F,22.836185,120.25623
高雄市立圖書館阿連分館,822高雄市阿蓮區中正路381巷35號2樓,22.881315,120.333323
高雄市阿蓮區戶政事務所,822高雄市阿蓮區忠孝路228號,22.878968,120.328855
高雄市阿蓮區公所,822高雄市阿蓮區民生路94號,22.883075,120.327287
阿蓮郵局,822高雄市阿蓮區清蓮村民生路101號,22.883314,120.326911
田寮郵局,823高雄市田寮區南安村崗北路61號,22.872582,120.359624
高雄市立圖書館田寮分館,823高雄市田寮區南安里崗安路71-1號,22.873645,120.358973
高雄市田寮區戶政事務所,823高雄市田寮區南安里崗安路71之3號,22.873787,120.357125
高雄市田寮區公所,823高雄市田寮區南安里崗安路71號,22.869868,120.35943
高雄市燕巢區公所,824高雄市燕巢區中安路1號,22.782532,120.340827
燕巢郵局,824高雄市燕巢區南燕村中民路621號,22.7932754,120.3607889
高雄市燕巢區戶政事務所,824高雄市燕巢區南燕里14鄰中民路585之1號,22.792918,120.362091
國軍退除役官兵輔導委員會岡山榮譽國民之家服務中心一樓大廳,824高雄市燕巢區成功路1號,22.805527,120.297656
高雄市立圖書館燕巢分館,824高雄市燕巢區西燕里中民路592號,22.795569,120.361905
燕巢義大醫院郵局,824高雄市燕巢區角宿村義大路1號,22.765493,120.364639
義大醫療財團法人義大癌治療醫院,824高雄市燕巢區角宿里義大路1號,22.765987,120.364254
義大醫療財團法人義大醫院,824高雄市燕巢區角宿里義大路1號,22.765987,120.364254
燕巢鳳山厝郵局,824高雄市燕巢區鳳雄村鳳旗路39號,22.7554252,120.3570665
中油公司橋頭直銷中心,825高雄市橋頭區成功南路青埔溪邊1號,22.7539012,120.3089541
橋頭郵局,825高雄市橋頭區橋頭村橋頭路113號,22.757575,120.311373
中油公司高雄市橋頭區橋頭站,825高雄市橋頭區橋頭里成功北路15號,22.76249,120.308168
台灣糖業博物館,825高雄市橋頭區球場路3號,22.7507065,120.3193026
臺鐵局橋頭站剪票口,825高雄市橋頭區站前街14號,22.760868,120.310322
臺灣橋頭地方法院檢察署2F記者室,825高雄市橋頭區經武路868號,22.739409,120.304607
高雄市橋頭區公所,825高雄市橋頭區隆豐路1號,22.75782,120.305765
高雄市橋頭區公所二樓,825高雄市橋頭區隆豐路1號2樓,22.757862,120.305761
高雄市橋頭區戶政事務所,825高雄市橋頭區隆豐路3號,22.758058,120.30525
高雄市立圖書館橋頭分館,825高雄市橋頭區隆豐路7號,22.758453,120.305393
第一商業銀行(梓本分行),826高雄市梓官區中正路306號,22.7325008,120.2547164
高雄市梓官區公所,826高雄市梓官區梓官路258號,22.761125,120.267248
高雄市立圖書館梓官分館,826高雄市梓官區梓官路263號,22.762411,120.266547
梓官郵局,826高雄市梓官區梓義村中崙路260號,22.761123,120.26866
高雄市立圖書館梓官赤東分館,826高雄市梓官區赤崁東路48-5號二樓,22.739177,120.249011
梓官蚵子寮郵局,826高雄市梓官區赤東村赤崁南路14號,22.737658,120.247564
高雄市梓官區戶政事務所,826高雄市梓官區進學路5號,22.761125,120.266368
高雄市立圖書館彌陀公園分館,827高雄市彌陀區中正路281巷50號,22.78545,120.246475
高雄市彌陀區戶政事務所,827高雄市彌陀區中華路16號,22.781147,120.249825
高雄市彌陀區公所,827高雄市彌陀區中華路4號,22.78135,120.250817
高雄市彌陀區衛生所,827高雄市彌陀區中華路一巷五弄1號,22.782038,120.251112
彌陀郵局,827高雄市彌陀區彌陀村中正路7號,22.779327,120.2499238
高雄市立圖書館彌陀分館,827高雄市彌陀區漯底里四維路一之1號,22.762666,120.244551
高雄市永安區戶政事務所,828高雄市永安區永安路24號,22.819023,120.226365
高雄市永安區公所,828高雄市永安區永安路32號,22.818281,120.22428
永安工業區服務中心,828高雄市永安區永工二路1號1樓,22.809195,120.252021
永安郵局,828高雄市永安區永華村永華路15號,22.81707,120.226579
高雄市立圖書館永安分館,828高雄市永安區永華里永華路49號,22.819226,120.223703
自來水公司路竹服務所,829高雄市湖內區中山路一段148號,22.879999,120.250881
湖內郵局,829高雄市湖內區中正路二段13號,22.908483,120.214701
高雄市湖內區公所,829高雄市湖內區中正路二段77號,22.908397,120.211737
高雄市湖內區戶政事務所,829高雄市湖內區中正路二段97號,22.908367,120.210727
高雄市立圖書館湖內分館,829高雄市湖內區保生路101號,22.908515,120.223374
湖內大湖郵局,829高雄市湖內區大湖村民權路243號,22.892519,120.242159
國家表演藝術中心衛武營國家藝術文化中心,830高雄市鳳山區三多一路1號,22.623683,120.34291
國家表演藝術中心衛武營國家藝術文化中心後台空間,830高雄市鳳山區三多一路1號,22.623683,120.34291
國家表演藝術中心衛武營國家藝術文化中心榕樹廣場,830高雄市鳳山區三多一路1號,22.623683,120.34291
彰化商業銀行鳳山分行,830高雄市鳳山區三民路264號,22.624976,120.358331
鳳山三民路郵局,830高雄市鳳山區三民路289號,22.625602,120.357964
鳳山中山東路郵局,830高雄市鳳山區中山東路86-2號,22.624311,120.371934
高雄市政府地政局鳳山地政事務所,830高雄市鳳山區中山西路154-6號,22.627589,120.351512
兆豐國際商銀鳳山分行,830高雄市鳳山區中山西路248號,22.628168,120.345754
華南商業銀行鳳山分行,830高雄市鳳山區中山路145號,22.622904,120.358336
高雄市立圖書館中崙分館,830高雄市鳳山區中崙五路1號,22.597008,120.354054
鳳山中崙郵局,830高雄市鳳山區中崙路576號,22.602226,120.351117
台糖公司五甲健康超市,830高雄市鳳山區五甲一路261號,22.617378,120.354461
鳳山五甲郵局,830高雄市鳳山區五甲三路45號,22.592409,120.32731
臺灣銀行五甲分行,830高雄市鳳山區五甲二路168號,22.601972,120.340978
臺灣土地銀行五甲分行,830高雄市鳳山區五甲二路256號,22.600726,120.3393
高雄市鳳山區第二戶政事務所,830高雄市鳳山區五甲二路472號4樓,22.598599,120.334883
華南商業銀行五甲分行,830高雄市鳳山區五甲二路642號,22.595984,120.331256
鳳山一甲郵局,830高雄市鳳山區五甲二路87、89、91號,22.602061,120.341808
第一商業銀行(五甲分行),830高雄市鳳山區保泰路322號,22.6022078,120.3332042
自來水公司鳳山服務所,830高雄市鳳山區光復路11號,22.628639,120.362064
高雄市政府社會局婦幼青少年館,830高雄市鳳山區光復路二段120號,22.630847,120.346982
高市府資訊中心-鳳山行政中心(光復路旁廣場),830高雄市鳳山區光復路二段132號,22.629687,120.343745
高市府資訊中心-鳳山行政中心(大禮堂),830高雄市鳳山區光復路二段132號,22.629687,120.343745
高市府資訊中心-鳳山行政中心(後棟3F),830高雄市鳳山區光復路二段132號,22.629687,120.343745
高市府資訊中心-鳳山行政中心(新大樓中庭),830高雄市鳳山區光復路二段132號,22.629687,120.343745
高市府資訊中心-鳳山行政中心(餐廳),830高雄市鳳山區光復路二段132號,22.629687,120.343745
高雄市政府觀光局本部,830高雄市鳳山區光復路二段132號,22.629836,120.343767
鳳山行政中心郵局,830高雄市鳳山區光復路二段132號,22.630114,120.343852
高雄市政府農業局6F會議室,830高雄市鳳山區光復路二段132號6樓,22.629705,120.343815
高雄市政府鳳山行政中心,830高雄市鳳山區光復路二段路132號,22.629747,120.343812
高雄市鳳山區鳳山轉運站,830高雄市鳳山區光遠路(捷運大東站1號出口旁),22.625831,120.36333
高市府資訊中心-大東文化藝術中心(戶外廣場),830高雄市鳳山區光遠路161號,22.624804,120.363399
高雄市大東文化藝術中心-園區服務台,830高雄市鳳山區光遠路161號,22.624964,120.36347
高雄市大東文化藝術中心-展覽棟服務台,830高雄市鳳山區光遠路161號,22.624964,120.36347
高雄市大東文化藝術中心-演藝棟服務台,830高雄市鳳山區光遠路161號,22.624964,120.36347
高雄市立圖書館大東分館,830高雄市鳳山區光遠路161號,22.625083,120.363443
上海商銀鳳山分行,830高雄市鳳山區光遠路163號,22.6252,120.362469
國防部鳳山福利站服務台,830高雄市鳳山區勝利路11號,22.62943,120.372271
國軍退除役官兵輔導委員會高雄市榮服處一樓大廳,830高雄市鳳山區勝利路二巷20之1號,22.627957,120.372791
衛武營藝術文化中心-267棟展覽館,830高雄市鳳山區南京路449之1號,22.616002,120.345512
高市府資訊中心-衛武營藝術文化中心(大門左側公話),830高雄市鳳山區南京路衛武營藝術文話中心大門左側,22.618922,120.345268
高雄市稅捐稽徵處鳳山分處,830高雄市鳳山區國泰路二段136號,22.62029,120.348079
鳳山新甲郵局,830高雄市鳳山區大明路39、41號,22.607586,120.341857
鳳山大東郵局,830高雄市鳳山區大東一路122、124號,22.621965,120.361007
標準檢驗局高雄分局計量業務民眾洽公區,830高雄市鳳山區天興街125號,22.591715,120.331819
行政院勞動部勞工保險局高雄市第二辦事處洽公櫃台,830高雄市鳳山區復興街6號,22.62567,120.355386
高雄市動物保護處1樓,830高雄市鳳山區忠義街166號,22.628906,120.350865
高雄市動物保護處3樓,830高雄市鳳山區忠義街166號,22.628906,120.350865
第一商業銀行(鳳山分行),830高雄市鳳山區成功路1號,22.622933,120.358085
鳳山文山郵局,830高雄市鳳山區文衡路236號,22.638324,120.356289
鳳山新富郵局,830高雄市鳳山區新富路391號,22.616274,120.348663
臺鐵局鳳山站地面層剪收票房,830高雄市鳳山區曹公路137號,22.630901,120.357471
臺鐵局鳳山站地面層售票房,830高雄市鳳山區曹公路137號,22.630901,120.357471
臺鐵局鳳山站第1月台5車位置,830高雄市鳳山區曹公路137號,22.630901,120.357471
臺鐵局鳳山站第1月台8車位置,830高雄市鳳山區曹公路137號,22.630901,120.357471
臺鐵局鳳山站第2月台3車位置,830高雄市鳳山區曹公路137號,22.630901,120.357471
臺鐵局鳳山站第2月台6車位置,830高雄市鳳山區曹公路137號,22.630901,120.357471
臺灣土地銀行鳳山分行,830高雄市鳳山區曹公路15號,22.626584,120.357277
臺灣銀行鳳山分行,830高雄市鳳山區曹公路20號,22.629123,120.357263
高雄市立圖書館鳳山曹公分館,830高雄市鳳山區曹公路23號,22.627123,120.357263
財政部高雄國稅局鳳山分局,830高雄市鳳山區曹公路55之1號,22.628863,120.356703
公路總局高雄區監理所,830高雄市鳳山區武營路361號1樓,22.615307,120.33604
高雄市政府交通局交通事件裁決中心鳳山辦公室,830高雄市鳳山區武營路361號1樓,22.615536,120.335988
高雄市立圖書館鳳二分館,830高雄市鳳山區福興里自強一路119巷75號,22.589457,120.327281
鳳山鎮北郵局,830高雄市鳳山區經武路166、168號,22.635951,120.364175
高雄市鳳山區公所,830高雄市鳳山區經武路30號,22.627499,120.362413
高雄市鳳山區第一戶政事務所,830高雄市鳳山區經武路34巷1號,22.627836,120.363035
鳳山過埤郵局,830高雄市鳳山區過埤路114號,22.590312,120.364516
台電公司鳳山區處服務中心營業廳,830高雄市鳳山區青年路1段100號,22.621206,120.349632
臺灣土地銀行青年分行,830高雄市鳳山區青年路二段281號,22.6395323,120.3509728
澄清湖郵局,830高雄市鳳山區青年路二段634、636號,22.647143,120.347827
高雄市鳳山體育館,830高雄市鳳山區體育路65號,22.621478,120.354064
高市府資訊中心-鳳儀書院(遊客休息區),830高雄市鳳山區鳳明街62號,22.627055,120.359278
鳳山鳳松路郵局,830高雄市鳳山區鳳松路11號,22.632412,120.360935
高雄市立圖書館河堤分館,831高雄市三民區裕誠路1號,22.663483,120.315725
高雄市立圖書館草衙分館,831高雄市前鎮區新衙路17號,22.583609,120.321924
高雄市立圖書館中庄分館,831高雄市大寮區光明路3段1437號,22.636719,120.401335
高雄市政府地政局大寮地政事務所,831高雄市大寮區內坑里仁勇路69號,22.593013,120.397625
大寮大發郵局,831高雄市大寮區大寮路767號,22.591412,120.416166
台電公司高雄訓練中心實習大樓一樓大廳,831高雄市大寮區大發工業區華西路41號,22.58527,120.42262
高雄臨海林園大發工業區聯合污水處理廠-大發廠,831高雄市大寮區建業路15號,22.5711977,120.4287865
臺鐵局後庄站辦公室,831高雄市大寮區民慶街9號,22.584481,120.4011911
大寮郵局,831高雄市大寮區永芳村鳳林三路530號,22.606637,120.395495
高雄市立圖書館大寮分館,831高雄市大寮區永芳里進學路133號,22.604206,120.393387
高雄市大寮區公所民政課,831高雄市大寮區永芳里鳳林三路492號,22.60543,120.395442
高雄市大寮區公所農業課,831高雄市大寮區永芳里鳳林三路492號,22.60543,120.395442
大發(兼鳳山)工業區服務中心,831高雄市大寮區過溪村華中路1號1樓,22.584767,120.428778
臺灣銀行中庄分行,831高雄市大寮區鳳屏一路339號,22.636927,120.393569
大寮中庄郵局,831高雄市大寮區鳳屏一路370、372號,22.63504,120.390713
高雄市稅捐稽徵處大寮分處,831高雄市大寮區鳳林三路336號,22.602178,120.397419
高雄市大寮區戶政事務所,831高雄市大寮區鳳林三路375號,22.602405,120.397115
高雄市大寮區公所,831高雄市大寮區鳳林三路492號,22.60585,120.395544
彰化商業銀行大發分行,831高雄市大寮區鳳林三路539號,22.607596,120.395349
臺灣土地銀行大發分行,831高雄市大寮區鳳林四路272號1至4樓,22.619261,120.383465
大寮中興郵局,831高雄市大寮區鳳林四路34、36、38號,22.614674,120.388115
高雄市立圖書館林園二館,832高雄市林園區中芸里西溪路56-20號2樓,22.486587,120.394835
中油公司石化事業部行政中心1樓會客區,832高雄市林園區五福里石化二路3號1樓,22.498383,120.407495
林園三庄郵局,832高雄市林園區林內村林內路153號,22.533797,120.400581
高雄市立圖書館林園分館,832高雄市林園區林園北路236號,22.508724,120.394747
第一商業銀行(林園分行),832高雄市林園區林園北路459號,22.5125709,120.3948613
高雄臨海林園大發工業區聯合污水處理廠-林園廠,832高雄市林園區沿海路1段1-8號,22.4998563,120.4043869
林園工業區服務中心,832高雄市林園區溪州村石化二路10號1樓,22.49813,120.410863
高雄市林園區公所,832高雄市林園區王公路1號,22.513084,120.39497
高雄市林園區戶政事務所,832高雄市林園區王公里王公路1號,22.5131,120.39
林園福興郵局,832高雄市林園區福興街104號,22.504961,120.3947084
林園郵局,832高雄市林園區鳳林路一段176號,22.5061192,120.3968613
鳥松郵局,833高雄市鳥松區中正路311號,22.661413,120.363834
高雄市政府澄清會館,833高雄市鳥松區大埤路115號,22.652997,120.358379
高雄市政府勞工局訓練就業中心行政大樓,833高雄市鳥松區大埤路117號,22.652094,120.357958
高雄市政府勞工局勞動檢查處,833高雄市鳥松區大埤路117號3樓,22.652017,120.358036
鳥松長庚醫院郵局,833高雄市鳥松區大埤路125號,22.649154,120.354377
鳥松仁美郵局,833高雄市鳥松區學堂路89號,22.658392,120.391951
高雄市政府環境保護局,833高雄市鳥松區澄清路834號,22.653938,120.348358
高雄市鳥松區公所,833高雄市鳥松區鳥松里中正路98號,22.6598,120.3643
高雄市立圖書館鳥松分館,833高雄市鳥松區鳥松里大仁北路10號,22.663205,120.362454
經濟部水利署南區水資源局高屏堰管理中心,840高雄市大樹區中正一路240號,22.688518,120.435588
臺灣土地銀行大樹分行,840高雄市大樹區中正一路373、375、377號,22.693271,120.434454
高雄市大樹區公所,840高雄市大樹區中興北路120號,22.693332,120.433082
高雄市立圖書館大樹分館,840高雄市大樹區中興西路50號,22.691255,120.43083
大樹九曲堂郵局,840高雄市大樹區久堂村中興街143號,22.65575,120.420145
高雄市立圖書館大樹二館,840高雄市大樹區久堂里久堂路97之1號,22.687518,120.416794
臺鐵局九曲堂站第1月台行車室,840高雄市大樹區久堂里久堂路鐵路巷15號,22.656572,120.420884
臺鐵局九曲堂站候車室,840高雄市大樹區久堂里鐵路巷15號,22.659571,120.42133
義守大學郵局,840高雄市大樹區學城路一段1號,22.729695,120.407962
大樹郵局,840高雄市大樹區檨腳村中興西路40號,22.691281,120.431451
高雄市立圖書館大樹三館,840高雄市大樹區溪埔里溪埔路3巷60-1號2樓,22.730393,120.445168
高市府資訊中心-佛光大道候車亭,840高雄市大樹區統嶺路2號,22.771662,120.446956
高市府資訊中心-佛光大道禮教廳(戶外),840高雄市大樹區統嶺路2號,22.771662,120.446956
高雄市大樹區戶政事務所,840高雄市大樹區龍目里14鄰龍目路158號,22.68403,120.41408
高市府資訊中心-崗山之眼,840高雄市岡山區?子段3146地號,22.812181,120.333848
衛生福利部旗山醫院醫療大樓二樓門診區,842高雄市旗山區中學路60號,22.880803,120.483311
彰化商業銀行旗山分行,842高雄市旗山區中山路102號1樓,22.887967,120.482112
第一商業銀行(旗山分行),842高雄市旗山區中山路120號,22.8884972,120.4822387
高市府資訊中心-旗山車站(旗山老街),842高雄市旗山區中山路1號,22.884612,120.481969
旗山四保郵局,842高雄市旗山區中山路242號,22.891669,120.481383
高雄市政府社會局旗山社會福利服務中心,842高雄市旗山區中正路199號,22.892157,120.479977
高市府資訊中心-高雄汽車客運公司旗山南站(公話),842高雄市旗山區大同街23號,22.883611,120.484578
旗山醫院-醫療大樓1樓大廳,842高雄市旗山區大德里中學路60號,22.880563,120.483247
高市府資訊中心-旗山第一公有市場,842高雄市旗山區平和街12號,22.88927,120.482433
高雄市政府地政局旗山地政事務所,842高雄市旗山區平和街50號,22.889974,120.48102
高雄市稅捐稽徵處旗山分處,842高雄市旗山區延平一路495號,22.889796,120.483305
高雄市旗山區公所,842高雄市旗山區延平一路499號,22.889282,120.483627
高雄市旗山區戶政事務所,842高雄市旗山區延平一路503號,22.889381,120.48337
旗山郵局,842高雄市旗山區延平一路690號,22.883957,120.482973
旗山旗尾郵局,842高雄市旗山區延平二路8、10號,22.881776,120.492509
高市府資訊中心-旗山糖廠(休息區),842高雄市旗山區忠孝街33號,22.878231,120.49224
高市府資訊中心-旗山糖廠(販賣部),842高雄市旗山區忠孝街33號,22.878231,120.49224
旗山大洲郵局,842高雄市旗山區旗南二路192-1號,22.841923,120.463628
公路總局高雄區監理所旗山監理站,842高雄市旗山區旗文路123-1號1樓,22.901446,120.477464
旗山圓潭郵局,842高雄市旗山區旗甲路二段354號,22.92249,120.497508
自來水公司旗山營運所,842高雄市旗山區民權三街22號,22.891236,120.484002
高雄市立圖書館旗山分館,842高雄市旗山區湄洲里延平一路499號,22.890567,120.483184
財政部高雄國稅局旗山稽徵所,842高雄市旗山區華中街3之1號,22.887974,120.482566
臺灣土地銀行美濃分行,843高雄市美濃區中山路一段65號,22.901241,120.539648
高市府資訊中心-美濃民俗村,843高雄市美濃區中山路二段421巷80號,22.893121,120.513974
美濃郵局,843高雄市美濃區中正路一段39號,22.900599,120.541827
高雄市立圖書館美濃分館,843高雄市美濃區中正路一段59號,22.9000697,120.542439
自來水公司美濃營運所,843高雄市美濃區中正路二段169巷1號,22.888106,120.536352
高市府資訊中心-美濃原鄉緣紙傘藝廊,843高雄市美濃區中興路一段147號,22.882723,120.546922
美濃中壇郵局,843高雄市美濃區中興路一段788號,22.886849,120.531418
國軍退除役官兵輔導委員會彰化農場高雄分場旅客服務中心,843高雄市美濃區外六寮500號,22.833415,120.52987
高市府資訊中心-美濃客家文物館中庭(戶外),843高雄市美濃區民族路49-3號,22.911075,120.557548
美濃文創中心,843高雄市美濃區永安路212號,22.899983,120.542233
高雄市政府地政局美濃地政事務所,843高雄市美濃區美中路250號,22.896734,120.541722
高雄市美濃區戶政事務所,843高雄市美濃區美中路256號,22.895027,120.542055
高雄市美濃區公所,843高雄市美濃區美中路260號,22.894916,120.541863
高雄市政府社會局六龜社會福利服務中心,844高雄市六龜區光復路102號,22.99538,120.634909
高雄市六龜區衛生所,844高雄市六龜區六龜里民治路16號,22.998931,120.63338
高雄市六龜區公所,844高雄市六龜區六龜里民治路18號,22.999148,120.632973
六龜寶來郵局,844高雄市六龜區寶來街18-1號,23.10829,120.699728
交通部觀光局茂林國家風景區寶來旅遊服務中心,844高雄市六龜區寶來里寶來街1號,23.00262,120.654502
高雄市六龜區戶政事務所,844高雄市六龜區民治路18-2號,22.999721,120.632973
六龜郵局,844高雄市六龜區義寶村光復路173號,22.994371,120.635562
高雄市立圖書館六龜分館,844高雄市六龜區義寶里光復路70號,22.996116,120.634751
內門郵局,845高雄市內門區內豐村內埔121號,22.9560087,120.4703258
高雄市立圖書館內門內埔分館,845高雄市內門區內豐里內埔140-1號,22.940852,120.457287
高雄市內門區戶政事務所,845高雄市內門區內門里內門114號,22.943614,120.461998
高雄市內門區公所,845高雄市內門區內門里內門20號,22.942828,120.462615
高雄市立圖書館內門木柵分館,845高雄市內門區木柵里木柵3-1號,22.975248,120.46788
高雄市立圖書館內門溝坪分館,845高雄市內門區永興里頂庄9-1號,22.981743,120.500058
高雄市立圖書館內門分館,845高雄市內門區觀亭里中正路115巷18-1號,22.917132,120.455072
杉林郵局,846高雄市杉林區上平村山仙路26號,22.973011,120.540863
高雄市立圖書館杉林分館,846高雄市杉林區上平里山仙路75號,22.974683,120.541261
高雄市杉林區公所,846高雄市杉林區山仙路6號,22.973409,120.539589
高雄市杉林區戶政事務所,846高雄市杉林區山仙路87號,22.974574,120.541775
高雄市甲仙區公所,847高雄市甲仙區中山路50號,23.0838,120.5877
高雄市立圖書館甲仙分館,847高雄市甲仙區和安里中山路48號,23.084252,120.587457
甲仙郵局,847高雄市甲仙區林森路44號,23.082982,120.589264
高雄市桃源區勤和部落,848高雄市桃源區南橫公路三段勤和巷118號,23.17046,120.7749
高雄市桃源區拉芙蘭部落,848高雄市桃源區南橫公路五段110號,23.23925,120.81138
桃源郵局,848高雄市桃源區桃源村南進巷182號,23.175542,120.74649
高雄市桃源區公所,848高雄市桃源區桃源里北進巷1號,23.19465,120.771332
高雄市桃源區桃源部落,848高雄市桃源區桃源里６鄰南進巷１４3號,23.15893,120.7662
玉山國家公園梅山遊客中心,848高雄市桃源區梅山巷44-5號,23.263056,120.826182
高雄市桃源區梅山部落,848高雄市桃源區梅山巷9號,23.27373,120.82591
高雄市那瑪夏區公所,849高雄市那瑪夏區瑪雅里平和巷164號,23.24805,120.697002
那瑪夏郵局,849高雄市那瑪夏區達卡努瓦里大光巷230號,23.277196,120.720216
高雄市茂林區公所,851高雄市茂林區茂林巷11號,22.886129,120.663271
茂林郵局,851高雄市茂林區茂林村8-3號,22.89725,120.671755
高雄市茂林區萬山部落,851高雄市茂林區萬山巷30號,22.90813,120.68089
高雄市立圖書館茄萣分館,852高雄市茄萣區濱海路4段31巷1號,22.907803,120.18003
高雄市茄萣區公所,852高雄市茄萣區濱海路四段27號,22.907902,120.180237
茄萣郵局,852高雄市茄萣區進學路158號,22.903999,120.18664
